a,j,o
o,n,a
a,d,a
a,d,o
a,r
o,n,o
ó
i,c,o
a,r,c,a
e,n,t,o
e,l
e,r,t,a
e,n,t,e
e,r,t,a,s
e,r,t,o
e,r,t,o,s
i,s,m,o
a,d,o,s
o,r,d,a
o,r,t,o
a,z,a
a,z,o
e
a,b,r,e,n
í
í,a
e,n,d,o
e,r,o,n
i,g,o
i,l
i,r
i,r,s,e
u,t,a
u,t,o
ó,n
u,r,d,a
u,r,d,o
e,l,a
e,l,o
e,l,o,s
a,n,c,i,a
a,n,t,e
a,n,t,e,s
i,d,o
u,s,o
u,s,o,s
á
a,b,a
a,b,a,n
a,r,o,n
a,b,e
a,b,o
e,m,i,a
é,m,i,c,a
é,m,i,c,o
é,m,i,c,o,s
a,s,o
e,r
e,s,i,b,l,e
e,s,o
o,r,i,o,s
e,n,t,e,s
o,n,e,s
i,s,t,a,s
i,t,e
i,t,e,s
e,p,t,a
e,p,t,a,b,l,e
e,r,a
e,r,c,a
e,r,c,a,n
a,r,s,e
e,r,o
é
á,c,i,d,o
á,c,i,d,o,s
a,r,a
i,d,a
a,ñ,a
a,ñ,a,n
e,n,t,o,s
o,r,d,e
o,s,o
o,s,t,a
a,c,t,a
u,d
u,d,e,s
i,v,a
a,d
a,d,e,s
i,v,o
i,v,o,s
a,c,t,o
o,r
o,r,e,s
a,c,t,o,s
i,z
ú,a
a,l
a,l,e,s
ú,a,n
a,n,d,o
u,d,e
u,d,e,n
e,r,d,a
e,r,d,a,s
e,r,d,o
e,r,d,o,s
u,l,a
u,s,a
a,d,a,s
á,s
e,n,t,r,o
ó,s
i,v,a,s
a,d,n
e,n,c,i,a
o,l,f,o
o,n,d,e
ó,n,d,e
e,r,e
e,r,e,n
á,n
u,l,t,a
u,l,t,o
u,l,t,o,s
e,r,t,e
é,r,e,a
é,r,e,o
e,c,t,a
e,c,t,a,n
e,c,t,o
i,r,m,a
i,r,m,a,n
a,f,p
á,f,r,i,c,a
a,n,o
a,n,o,s
e,r,a,s
a,r,r,a
e,n,c,i,a,s
e,n,d,a
o,s,t,o
a,d,a,b,l,e
e,z,c,o
a,r,i,a
e,g,a
í,c,o,l,a
í,c,o,l,a,s
u,r,a
a,r,i,o
a,g,u,a
a,g,u,a,s
u,d,a
u,d,o
á,g,u,i,l,a
i,r,r,e
u,j,a
e,r,o,s
í,n
a,h
o,r,a
o,r,r,o
o,r,r,o,s
i,r,e
i,r,e,s
e,z
e,n,a
e,n,a,s
e,n,o
e,n,o,s
u,s,t,e
u,s,t,e,s
a,l,a
a,l,a,n
a,r,m,a
a,l,a,s
a,l,b,a
e,r,t
á,l,b,u,m
a,l,d,e
a,l,d,e,s
a,n,c,e
a,n,z,a
a,n,z,a,n
o,l
e,a
a,l,d,o
a,l,e,g,r,e
e,j,a
a,n,d,r,a
a,n,d,r,o
a,n,a
a,n,e,s
a,n,i,a
e,x
o,m,b,r,a
o,n,s,o
e,d,o
a,l,g,o
a,l,g,u,i,e,n
ú,n
u,n,a
u,n,a,s
u,n,o
u,n,o,s
a,n,z,a,s
a,l,i,a,s
i,c,i,a
e,n,t,a
i,v,i,o
a,l,l,e,n
e,n,d,e
a,l,m,a
é,n
e,n,e,s
a,l,m,a,s
e,r,z,o
a,l,t,a
a,l,t,a,s
a,l,t,o
a,l,t,o,s
u,r,a,s
i,n,i,o
u,m,n,o
u,m,n,o,s
á,l,v,a,r,e,z
á,l,v,a,r,o
a,l,z,a
a,m
a,m,a
a,m,a,b,l,e
a,l,i,a
a,n,d,a
a,r,g,o
i,l,l,a
i,l,l,a,s
i,l,l,o
a,m,b,a,s
á,m,b,i,t,o
á,m,b,i,t,o,s
a,m,b,o,s
a,z,a,s
é,r,i,c,a
i,c,a,n
é,r,i,c,a,s
i,g,a
i,g,a,s
i,g,o,s
a,m,o
a,m,p
a,r,o
a,m,p,l,i,a
a,m,p,l,i,a,s
a,m,p,l,i,o
a,m,p,l,i,o,s
a,d,e
á,l,i,s,i,s
i,s,t,a
i,z,a
i,z,a,n
a,n,c,h,a
a,n,c,h,o
a,n,d
u,z
a,n,d,a,n
a,n,d,e,s
i,n,a
i,n,o
é,s
é,c,d,o,t,a
é,c,d,o,t,a,s
e,x,o
á,n,g,e,l
á,n,g,e,l,a
e,l,e,s
á,n,g,e,l,e,s
é,l,i,c,a
á,n,g,u,l,o
u,s,t,i,a
í,b,a,l
i,l,l,o,s
á,n,i,m,o
á,n,i,m,o,s
i,t,a
a,n,n,a
a,ñ,o
o,c,h,e
a,ñ,o,s
e,l,m,o
a,n,t,i
ó,t,i,c,o,s
i,g,u,a
i,g,u,a,s
i,g,u,o
i,g,u,o,s
o,q,u,i,a
o,n,i,a
o,n,i,o
u,n,c,i,a
u,n,c,i,o
u,n,c,i,o,s
a,p
a,g,a
a,t,o
a,t,o,s
e,c,e
e,c,e,n
í,a,n
a,r,t,e
i,t,o
i,c,a
o,r,t,a
o,r,t,a,n
o,r,t,e
o,r,t,e,s
o,y,a
o,y,a,n
o,y,o
o,y,o,s
a,p,p,l,e
e,c,i,a
a,j,e
e,c,h,a
e,s,t,a
e,s,t,a,s
u,n,t,a
u,n,t,a,n
u,n,t,e,s
é,l
e,l,l,a
e,l,l,a,s
e,l,l,o
e,l,l,o,s
á,r,a,b,e
á,r,a,b,e,s
á,r,b,i,t,r,o
á,r,b,o,l
á,r,b,o,l,e,s
a,r,c,o
á,r,e,a
á,r,e,a,s
i,n,a,s
i,n,o,s
a,r,i,a,s
a,r,m,a,s
o,m,a
e,c,t,o,s
a,n,c,a
a,n,q,u,e
a,s,t,r,a
a,r,r,e,g,l,o
a,r,r,e,g,l,o,s
i,b,a
o,z
u,g,a,s
a,r,t
a,r,t,e,s
í,c,u,l,o
í,c,u,l,o,s
í,s,t,i,c,a
í,s,t,i,c,a,s
í,s,t,i,c,o
í,s,t,i,c,o,s
u,r,o
i,s,p,o
a,s
e,n,s,o
a,s,c,o
u,r,a,n
a,s,i,a
á,t,i,c,o
a,s,m,a
o,c,i,a
o,m,b,r,o
i,r,a
u,r,i,a,s
u,m,e
u,n,t,o
u,n,t,o,s
a,q,u,e
a,q,u,e,s
á,n,t,i,c,o
e,t,a
e,t,a,s
é,t,i,c,o
ó,s,f,e,r,a
e,s,a
u,t,o,s
u,y,e
u,d,i,o
o,r,i,o
u,g,e
u,s,t,o
u,l,a,s
e,n,t,a,n
u,n
u,n,q,u,e
u,s,t,r,i,a
é,n,t,i,c,a
é,n,t,i,c,o
ú,s
u,s,e,s
i,m,a
á,t,i,c,a
á,t,i,c,a,m,e,n,t,e
ó,v,i,l
ó,v,i,l,e,s
ó,n,o,m,a
ó,n,o,m,a,s
ó,n,o,m,o
i,l,i,o
a,n,c,e,s
a,v,e
i,d,a,s
a,v,e,s
á,v,i,l,a
i,s,o
a,y
u,d,a,n
u,d,a,s
e,c,a
ú,c,a,r
u,l
u,l,e,s
e,t
e,r,i,a,s
i,n,e,s
i,l,e
i,l,e,s
a,j,a
a,j,a,n
a,j,a,s
a,j,o,s
e,s,t,o
a,n,c,o
a,n,c,o,s
a,n,d,a,s
a,c,k
a,t,a
a,r,b,a
á,r,b,a,r,a
a,r,ç,a
a,r,c,o,s
a,r,e,s
a,r,r,a,s
a,r,r,i,o
a,r,r,i,o,s
a,r,r,o
a,s,a
a,s,e
a,s,e,s
á,s,i,c,a
á,s,i,c,a,m,e,n,t,e
á,s,i,c,a,s
á,s,i,c,o
á,s,i,c,o,s
a,s,t,a
a,l,l,a
a,l,l,a,s
e,b,e
e,c,a,s
i,s,b,o,l
e,l,g,a
é,l,g,i,c,a
e,z,a
e,n
a,r,i,o,s
i,c,i,o
i,c,i,o,s
í,t,e,z
a,r,d,o
e,s,o,s
e,s,t,i,a
i,b,l,i,a
i,g
o,t,e
a,o
e,t,e
e,t,e,s
ó,g,i,c,a
ó,g,i,c,a,s
ó,g,i,c,o
ó,g,i,c,o,s
a,n,c,a,s
o,g
o,g,s
o,q,u,e
o,q,u,e,o
o,q,u,e,s
o
o,b
o,c,a
o,c,a,s
o,d,a
o,d,a,s
o,l,a
o,l,a,s
e,t,o
e,t,o,s
í,v,a,r
í,v,a,r,e,s
i,v,i,a
o,l,s,a
o,l,s,a,s
o,l,s,o
o,m,b,a
o,m,b,a,s
o,n,o,s
o,r,d,e,s
o,r,d,o
o,r,g,e,s
a,c,h,o
o,s,q,u,e
o,s,q,u,e,s
o,s,t,o,n
o,t,a,s
e,o
e,ñ,a
e,ñ,o
e,ñ,o,s
a,v,o
a,z,o,s
e,v,e
e,v,e,s
i,n,d,a
i,s,a
á,n,i,c,a
á,n,i,c,o
á,n,i,c,o,s
o,m,a,s
o,n,c,e
o,w,n
e,l,a,s
u,q,u,e
u,r,g,o,s
u,r,l,a
u,s
u,s,c,a
a,m,o,s
u,s,c,a,n
u,s,c,o
u,s,h
ú,s,q,u,e,d,a
a,l,l,o
a,l,l,o,s
e,z,a,s
a,b,l,e,s
á,c,e,r,e,s
á,v,e,r
á,v,e,r,e,s
á,d,i,z
a,e
a,e,n
í,d,a
í,d,a,s
í,d,o
a,l,c,i,o
á,l,c,u,l,o
á,l,c,u,l,o,s
a,l,i
á,l,i,d,o
o,r,n,i,a
a,l,l,e
a,l,l,e,s
í,a,s
a,l,v,o
á,m,a,r,a
á,m,a,r,a,s
a,m,a,s
a,m,b,i,a
a,m,b,i,a,n
a,m,b,i,o
a,m,b,i,o,s
i,l,a
i,l,o
a,ñ,a,s
a,m,p,o
a,m,p,o,s
a,m,p,u,s
e,n,s,e
á,n,c,e,r
a,n,o,n
a,n,c,i,o
a,n,t,a
a,n,t,o
a,n,t,o,s
a,o,s
a,p,a
a,c,e,s
a,p,a,s
a,z
á,p,i,t,a
í,t,u,l,o
í,t,u,l,o,s
a,c,a,s
á,c,t,e,r
e,r,e,s
a,r,a,s
á,r,c,e,l
á,r,c,e,l,e,s
á,r,d,e,n,a,s
a,r,g,a
a,r,g,a,s
a,r,g,o,s
i,b,e
i,ñ,o
a,r,l,a
a,r,l,o,s
o,t,a
a,r,m,e,n
a,r,n,e
a,r,n,e,s
a,r,r,o,s
a,r,t,a
a,r,t,a,s
a,s,a,s
a,s,i
a,s,o,s
a,s,t,r,o
á,l,o,g,o
u,ñ,a
á,s,t,r,o,f,e
á,t,e,d,r,a
ó,l,i,c,a
ó,l,i,c,o
ó,l,i,c,o,s
o,r,c,e
u,c,e
u,s,a,n
u,s,a,s
o,l,l,a
i,l,i,a
e,j,a,s
e,l,d,a
e,l,e,b,r,a
é,l,e,b,r,e
e,s,t,e
e,l,i,a
é,l,u,l,a
é,l,u,l,a,s
e,r,i,o
i,z,a,s
a,v,o,s
í,m,e,t,r,o,s
e,n,t,r,a
e,n,t,r,o,s
á,m,i,c,a
a,n,a,s
e,r,e,b,r,o
e,r,r,o
e,r,r,o,s
a,m,e,n
é,s,a,r
e,s,e
é,s,p,e,d
a,r,l,a,s
a,r,l,e,s
á,v,e,z
e,f
a,g,o
i,c,a,s
i,c,o,s
i,s,t,e
i,s,t,e,s
a,t,e
i,s
i,s,t,i,a,n
a
i,c,l,o,s
e,g,o
í,f,i,c,a
í,f,i,c,a,s
í,f,i,c,o
í,f,i,c,o,s
e,r,r,a
e,r,r,e
i,f,r,a,s
i,n,c,o
i,n,e
á,f,i,c,a
á,f,i,c,o
i,n,t,a
i,n,t,a,s
i,r,c,o
i,t,o,s
í,r,c,u,l,o
í,r,c,u,l,o,s
a,n,c,i,a,s
i,t,a,s
i,t,y
u
a,r,o,s
u,d,i,a
í,n,i,c,a
í,n,i,c,a,s
í,n,i,c,o
í,n,i,c,o,s
i,n,t,o,n
u,b
u,b,e,s
a,r,d,e
o,b,r,a,n
í,n,a
a,m,b,a
o,c,h,e,s
o,c,o
ó,d,i,g,o
ó,d,i,g,o,s
o,d,o
o,g,e
i,d,e
i,d,e,n
a,p,s,o
e,g,a,s
e,g,i,o
e,g,i,o,s
ó,l,e,r,a
o,l,m,o
o,l,o
o,m,b,i,a
o,n,i,a,s
u,m,n,a
u,m,n,a,s
o,m
u,s,t,i,b,l,e
i,b,l,e,s
o,m,e
e,d,i,a
o,m,e,n
e,r,c,i,o
e,r,c,i,o,s
i,d,o,s
e,n,z,a
e,n,z,a,n
e,n,z,o
e,n,z,o,s
o,m,o
ó,m,o
ó,m,o,d,a
ó,m,o,d,o
a,r,t,e,n
e,j,o
e,j,o,s
ó,m,p,l,i,c,e
o,n,e,n
o,m,p,r,a
o,m,p,r,a,s
i,s,o,s
e,s,t,o,s
o,r,a,s
u,n,e,s
o,n
e,p,t,o
e,p,t,o,s
o,n,c,h,a
u,r,s,o
u,r,s,o,s
u,c,t,a
u,c,t,a,s
u,j,o
i,c,t,o
i,c,t,o,s
o,r,m,a,n
o,r,m,e
e,v,a
o,ñ,o
o,c,e
e,m,o,s
o,c,e,n
o,c,e,s
o,z,c,a
o,z,c,o
e,r,v,a
e,r,a,b,l,e
e,r,a,n
i,g,n,a
i,g,u,e
i,g,u,e,n
o,r,c,i,o
o,n,s,t,a
u,y,e,n
u,l,t,a,s
u,m,e,n
u,m,o
a,r,l,e
e,m,p,l,a
á,n,e,a
á,n,e,o
á,n,e,o,s
e,x,t,o
e,x,t,o,s
e,n,e
e,n,e,n
i,n,u,a
i,n,u,o
o,n,t,r,a
a,s,t,e
o,l,e,s
e,r,s,i,a
e,n,i,o
e,n,i,o,s
e,r,t,e,n
é,n,d,o,s,e
o,r,i,a
o,p,a
o,p,a,s
o,p,i,a
o,p,i,a,s
ó,r,d,o,b,a
o,r,o
o,r,p,e,s
e,s,x,x,i
e,x,t
o,r,r,e
o,r,r,e,a
o,r,r,e,n
o,r,r,e,o
o,r,r,e,o,s
o,n,d,e,n
o,r,t,a,s
o,r,t,o,s
o,s,a
o,s,a,s
o,s,t,a,s
o,s,t,e
o,s,t,e,s
o,s,t,o,s
u,m,b,r,e
u,m,b,r,e,s
e,a,n
é,d,i,t,o
é,d,i,t,o,s
e,e
e,e,n
e,e,s
e,m,a
i,m,e,n
í,m,e,n,e,s
o,l,l,o
i,s,i,s
i,s,t,o
ó,b,a,l
e,r,i,o,s
í,t,i,c,a
í,t,i,c,a,s
í,t,i,c,o
í,t,i,c,o,s
ó,n,i,c,a
ó,n,i,c,a,s
u,c,e,s
u,z,a
e,r,n,o
e,r,n,o,s
a,d,r,a,s
a,d,r,o,s
á,l
á,l,e,s
á,n,d,o
a,n,t,a,s
á,n,t,a,s
á,n,t,o
á,n,t,o,s
a,r,t,o
a,r,t,o,s
u,b,a
e,n,c,a
e,n,c,a,s
e,n,t,a,s
e,r,p,o
e,r,p,o,s
e,v,a,s
u,l,o
u,l,p,a
u,l,p,a,b,l,e
u,m,p,l,a
u,m,p,l,a,n
u,m,p,l,e
u,m,p,l,e,n
ú,p,u,l,a
o,s,o,s
u,r,v,a
u,r,v,a,s
o,d,i,a
u,y,a
u,y,a,s
u,y,o
u,y,o,s
a,l,e
a,m,e
a,n
á,n,d,o,l,e
í,o
a,r,m,e
a,r,n,o,s
a,r,w,i,n
i,d
a,v,i,s
e,b,a
a,t,e,s
e,b,e,n
í,a,m,o,s
e,b,e,s
é,b,i,l
é,b,i,l,e,s
e,b,o
u,t
é,c,a,d,a
é,c,a,d,a,s
i,m,o,s
é,c,i,m,a
é,c,i,m,o
i,r,l,e
i,r,l,e,s
i,r,l,o
i,r,m,e
i,r,t,e
e,d,o,s
e,r,s,e
e,n,s,a
e,n,s,a,s
é,f,i,c,i,t
i,n,e,n
é,j,a,m,e
e,j,a,n
a,r,l,o
e,j,e
e,j,e,n
i,r,i,o
a,c,i,a
ó,c,r,a,t,a
ó,c,r,a,t,a,s
á,t,i,c,o,s
o,n,i,o,s
e,s,t,r,a
e,s,t,r,a,n
e,n,g,u,e
u,n,c,i,a,s
e,n,d,e,n
ó,s,i,t,o
ó,s,i,t,o,s
e,c,h,o
e,c,h,o,s
e,s
í,o,s
o,l,l,a,n
a,s,t,r,e
a,s,t,r,e,s
a,n,s,o
i,b,e,n
e,s,c,u,b,r,e
e,s,d,e
a,c,e
e,o,s
u,d,o,s
o,r,d,e,n
a,c,i,o
e,g,u,e
e,c,i,o
a,c,a
a,c,a,n
i,v,e
i,n,a,n
u,v,o
e,l,v,e
i
a,b,l,o,s
ó,s,t,i,c,o
á,l,o,g,o,s
á,m,e,t,r,o
í,a,z
u,j,o,s
i,c,e
i,c,e,n
i,c,e,s
i,c,h,a
i,c,h,a,s
i,c,h,o
i,c,h,o,s
e,m,b,r,e
o,c,h,o
í,c,i,l
í,c,i,l,e,s
í,c,i,l,m,e,n,t,e
i,g,a,n
i,g,n,o
i,j,e
i,j,o
i,m,e
á,m,i,c,a,s
á,m,i,c,o
o,s
o,s,e,s
e,c,t,a,s
i,g,e
i,g,e,n
i,s,c,o
i,s,c,o,s
u,l,p,a,s
u,t,e
o,n,e
o,n,i,b,l,e
i,n,g,u,e
i,n,t,o
i,n,t,o,s
e,r,s,a,s
e,r,s,o,s
i,s,a,s
o,b,l,e,s
ó,l,a,r
ó,l,a,r,e,s
é,s,t,i,c,a
é,s,t,i,c,a,s
é,s,t,i,c,o
é,s,t,i,c,o,s
i,n,g,o
i,n,g,o,s
í,n,g,u,e,z
o,ñ,a
o,s,i,s
o,y
o,g,a
o,g,a,s
u,c,h,a
e,l,e
e,r,m,e
u,l,c,e
u,l,c,e,s
ú,o
u,r,o,s
e,c,o
ó,m,i,c,a
ó,m,i,c,a,m,e,n,t,e
ó,m,i,c,a,s
ó,m,i,c,o
ó,m,i,c,o,s
e,m,a,s
e,h
u,u
e,f,e
i,p,t,o
i,n,s,t,e,i,n
e,j
e,m,p,l,o
e,m,p,l,o,s
e,r,c,e
e,r,c,e,n
é,r,c,i,t,o
e,j,e,s
é,c,t,r,i,c,a
é,c,t,r,i,c,a,s
é,c,t,r,i,c,o
é,c,t,r,i,c,o,s
ó,n,i,c,o
ó,n,i,c,o,s
e,n,c,o
é,l,i,t,e
u,n,d,o
e,l,s,a
e,m,m,a
e,z,a,n
e,s,a,s
i,n,g
e,n,t,r,a,n
e,n,t,r,e
e,n,t,r,e,n
é,t,i,c,a
é,n,f,a,s,i,s
e,r,m,a
e,r,m,o
e,r,m,o,s
o,r,m,e,s
i,q,u,e
a,y,o
a,y,o,s
e,n,d,e,s
o,n,c,e,s
o,r,n,o
a,s,m,o
i,d,i,a
e,l,t,o
o,d,i,o
o,d,i,o,s
é,p,o,c,a
é,p,o,c,a,s
i,b,r,i,o
i,p,o
i,p,o,s
é,r,a,m,o,s
i,c
é,s,a
á,n,d,a,l,o
a,p,e
o,m,b,r,o,s
i,b,o
u,c,h,a,n
u,c,h,o
é,s,e
e,r,z,o,s
a,c,i,o,s
a,l,d,a
a,l,d,a,s
e,c,i,e
e,c,i,e,s
í,f,i,c,a,m,e,n,t,e
á,c,u,l,o
á,c,u,l,o,s
e,c,t,r,o
í,r,i,t,u
í,r,i,t,u,s
u,m,a
é,s,t,a
á,b,a,m,o,s
a,b,a,s
e,s,t,a,b,l,e
a,d,i,o
e,n,s,e,s
á,n,d,a,r
á,n,d,a,r,e,s
é,s,t,a,s
a,t,u,a
a,t,u,s
é,s,t,e
e,b,a,n
i,l,o,s
í,m,u,l,o
í,m,u,l,o,s
ó,m,a,g,o
é,s,t,o,s
e,g,i,a
e,g,i,a,s
é,g,i,c,a
é,g,i,c,o
é,g,i,c,o,s
u,d,i,o,s
ú,p,i,d,o
u,v,e
e,t,c
é,t,e,r,a
e,r,n,a
e,a,s
e,v,o
á,m,e,n,e,s
i,s,t,e,n
é,x,i,t,o
é,x,i,t,o,s
e,s,a,n
e,r,n,a,s
e,x,t,r,a
e,m,o
a,b,i,o
á,b,r,i,c,a
á,b,r,i,c,a,s
o,k
á,c,i,l
á,c,i,l,e,s
á,c,i,l,m,e,n,t,e
a,l,s,a
a,l,s,a,s
O
a,l,s,o,s
a,l,t,a,n
i,l,i,a,s
a,n,s
a,s,m,a,s
á,s,t,i,c,o
a,r,c
á,r,m,a,c,o
á,r,m,a,c,o,s
o,r,a,b,l,e
e,c,h,a,s
i,p,e
é,l,i,x
ó,m,e,n,o
ó,m,e,n,o,s
e,r,i,a
á,n,d,e,z
a,r,i
i,b,r,a,s
i,f,a
o,a
i,j,a
í,j,a,t,e
i,j,o,s
i,l,a,s
i,l,m
i,l,m,e
i,l,m,e,s
ó,s,o,f,o
i,n
i,n,c,a
i,n,c,a,s
i,r,m,a,s
i,r,m,e,s
í,s,i,c,a
í,s,i,c,a,m,e,n,t,e
í,s,i,c,a,s
í,s,i,c,o
í,s,i,c,o,s
a,c,o
e,x,i,b,l,e
o,c,o,s
o,n,d,o
o,n,d,o,s
o,r,d
o,r,m,a
o,r,m,a,s
ó,r,m,u,l,a
ó,r,m,u,l,a,s
o,r,o,s
ó,s,i,l,e,s
o,t,o
ó,g,r,a,f,o
ó,g,r,a,f,o,s
o,t,o,s
á,g,i,l
e,s,e,s
a,n,j,a
a,n,k
e,s,c,a
e,s,c,o
e,s,c,o,s
u,t,a,s
e,r,t,e,s
e,r,z,a
e,r,z,a,s
e,s,e,n
u,g,a
o,n,a,n
u,r,i,a
ú,t,b,o,l
a,f,a,s
a,x,i,a,s
e,g,o,s
a,n,a,n
a,s,t,o
a,s,t,o,s
a,t
é,n,e,r,o
é,n,e,r,o,s
é,t,i,c,o,s
o,r,g,e
a,s,i,o
i,n,e,b,r,a
i,r,o
o,b,o
o,l,f
o,l,p,e
o,l,p,e,s
ó,m,e,z
á,l,e,z
a,l,o
o,o,g,l,e
a,c,i,a,s
á,f,i,c,o,s
a,n,d,e
a,n,m,a
a,t,i,s
e,m,i,o
i,s,e,s
u,p,o
u,p,o,s
u,p,e
a,p,o
a,r,d,a
a,r,d,i,a
a,r,d,i,a,s
e,r,r,a,s
u,s,t,a
u,s,t,a,n
u,s,t,o,s
é,r,r,e,z
e,r,l,e
e,r,l,o
i,t,a,n
á,b,i,t,a,t
á,b,i,t,o
á,b,i,t,o,s
a,b,l,a,n
a,b,l,a,s
a,c,e,n
e,r,l,a
a,g,a,n
a,g,a,s
a,l,l,a,n
a,z,g,o
a,z,g,o,s
a,m,b,r,e
a,y,a
a,y,a,n
é,c,t,o,r
ó,p,t,e,r,o
e,m,b,r,a
e,m,b,r,a,s
é,r,o,e
é,r,o,e,s
ó,g,e,n,o
e,r,b,a
e,r,b,a,s
í,g,a,d,o
i,j,a,s
i,m,n,o
i,n,c,h,a,s
ó,t,e,s,i,s
o,r,i,a,s
ó,r,i,c,a
ó,r,i,c,a,m,e,n,t,e
ó,r,i,c,a,s
ó,r,i,c,o
ó,r,i,c,o,s
i,z,o
o,j,a
o,j,a,s
o,d
o,m,b,r,e
o,m,b,r,e,s
i,d,i,o
i,d,i,o,s
o,n,d,a
o,n,g,o,s
o,n,t,e
o,n,a,s
o,r,r,i,b,l,e
u,s,t,o,n
u,b,o
e,v,o,s
u,g,o
ú,m,e,d,a
ú,m,e,d,o
i,l,d,e
í,b,a,m,o,s
i,b,a,n
i,b,a,s
e,s,i,a
e,s,i,a,s
i,i
a,g,e,n
á,g,e,n,e,s
é,c,i,l
e,c,a,b,l,e
a,c,a,b,l,e
o,s,i,b,l,e
i,n,d,i,b,l,e
u,l,s,a
u,l,s,o
e,n,d,i,o
e,n,d,i,o,s
i,n,d,i,a
i,n,d,i,a,s
í,n,d,i,c,e
í,n,d,i,c,e,s
í,g,e,n,a
í,g,e,n,a,s
i,n,d,i,o
i,n,d,i,o,s
e,n,s,a,b,l,e
i,d,u,o
i,d,u,o,s
í,n,d,o,l,e
u,s,t,r,i,a,s
i,t,a,b,l,e
i,n,m,u,e,b,l,e
e,b,l,e,s
i,d,a,b,l,e
o,m,n,i,o
o,r,t,a,b,l,e
u,m,o,s
i,n,t
i,n,t,e,g,r,a
e,g,r,a,n
e,n,s,o,s
e,d,i,o
i,n,a,b,l,e
é,r,p,r,e,t,e
é,r,p,r,e,t,e,s
u,m,p,e
í,n,t,i,m,a
í,n,t,i,m,o
ú,t,i,l
i,s,i,b,l,e
o,l,u,c,r,a
a,k
a,q
i,r,i,s
a,c
i,s,i,d,r,o
i,s,l,a
i,s,l,a,s
í,e,s
i,v
a,c,k,s,o,n
a,c,q,u,e,s
a,m,e,s
a,z,z
e,f,a
e,f,e,s
e,y
é,n,e,z
o,a,n
o,e
o,h,n
o,h,n,s,o,n
a,t,h,a,n
o,r,d,i
e,p
e,p,h
o,v,e,n
ó,v,e,n,e,s
o,y,a,s
á,r,e,z
e,c,e,s
e,g,a,n
u,l,i,a
u,l,i,o
u,n,i,o
u,n,t,a,s
í,d,i,c,a
í,d,i,c,a,s
í,d,i,c,o
í,d,i,c,o,s
e,d,y
ó,m,e,t,r,o
ó,m,e,t,r,o,s
a,b,i,o,s
a,g,o,s
á,g,r,i,m,a,s
e,n,t,a,b,l,e
á,m,p,a,r,a
a,c,i,o,n
á,p,i,z
á,s,t,i,m,a
á,z,a,r,o
e,c,h,e
e,n,g,u,a
e,n,g,u,a,s
e,t,r,a,s
e,n,d,a,s
e,y,e,s
i,b,r,e,s
i,b,r,o,s
í,d,e,r
í,d,e,r,e,s
í,m,i,t,e
í,m,i,t,e,s
i,m,p,i,a
i,m,p,i,a,s
i,m,p,i,o
i,n,d,o
í,n,e,a
í,n,e,a,s
í,q,u,i,d,o
í,q,u,i,d,o,s
i,s,t,o,s
i,t,r,o,s
a,m,a,n
e,g,u,e,n
e,v,a,n
e,v,e,n
u,v,i,a
u,v,i,a,s
ó,g,i,c,a,m,e,n,t,e
o,g,r,a,n
o,g,r,o,s
o,n,d,r,e,s
ó,p,e,z
u,r,d,e,s
u,c,a,s
u,c,h,a,s
u,c,i,o
a,c,h,o,s
a,d,r,e,s
e,s,t,r,o
e,s,t,r,o,s
a,g,i,a
á,g,i,c,a
á,g,i,c,o
í,z
á,l,a,g,a
o,r,c,a
a,l,o,s
í,f,e,r,o,s
a,n,c,h,a,s
a,n,g,a
a,n,g,o
e,s,t,a,n
a,n,i,o,b,r,a
e,n,g,a
á,q,u,i,n,a
á,q,u,i,n,a,s
a,r,c,a,n
a,r,c,a,s
a,r,c,h,a
a,r,g,e,n
á,r,g,e,n,e,s
a,r,i,e
a,r,k
á,r,m,o,l
á,r,q,u,e,z
e,c,o,s
a,r,t,h,a
a,r,t,i,n
í,n,e,z
a,r,x
a,r,y
a,r,z,o
a,s,a,c,r,e
á,s,c,a,r,a
á,t,i,c,a,s
í,c,u,l,a
a,x
á,x,i,m,a
á,x,i,m,o
á,x,i,m,o,s
a,s,h
i,s,m,o,s
e,d,i,a,s
é,d,i,c,a
é,d,i,c,a,s
é,d,i,c,o
é,d,i,c,o,s
e,d,i,o,s
é,n,d,e,z
o,z,a
e,m
a,j,e,s
i,r,a,s
ú
e,d
e,d,e,s
u,r
u,r,i,o
é,r,i,d,a
é,r,i,t,o
é,r,i,t,o,s
e,s,s,i
á,f,o,r,a
á,l,i,c,o
é,t,o,d,o
é,t,o,d,o,s
e,t,r,o,s
é,x,i,c,o
e,z,c,l,a
a,m,i
e,l,l,e
ó,f,o,n,o
o,f,t
e,m,b,r,o
e,m,b,r,o,s
e,n,t,r,a,s
é,r,c,o,l,e,s
i,k,e
i,l,a,g,r,o
a,g,r,o,s
í,n,i,m,a
í,n,i,m,a,s
í,n,i,m,o
í,n,i,m,o,s
i,s,t,r,a
i,s,t,r,o
i,s,t,r,o,s
i,r,a,n
i,s,m,a
i,s,m,a,s
i,s,s
o,d,o,s
ó,d,u,l,o
é,c,u,l,a,s
e,s,t,i,a,s
e,d,a
e,d,a,s
o,n,j,a
o,n,j,a,s
o,n,s,t,r,u,o
o,n,s,t,r,u,o,s
o,n,t,e,s
o,n,t,o
o,s,c,a
o,s,c,a,s
a,c,h,a
a,c,h,a,s
í,s,i,m,o
u,c,h,o,s
e,s,t,r,a,s
ú,l,t,i,p,l,e
ú,l,t,i,p,l,e,s
u,n,d,o,s
i,p,i,o
i,p,i,o,s
u,r,c,i,a
ú,s,c,u,l,o
ú,s,c,u,l,o,s
ú,s,i,c,a
ú,s,i,c,o
ú,s,i,c,o,s
u,s,l,o,s
u,y
a,d,i,e
a,l,g,a,s
o,c,i,o
o,c,i,o,s
e,g,r,a,s
e,g,r,o,s
e,l,s,o,n
e,r,v,i,o,s
é,s,t,o,r
e,w
e,w,t,o,n
i,ñ,a
i,ñ,a,s
i,ñ,o,s
u,r,n,a
u,r,n,o
ó,m,i,n,a
a,t,i,o,n
o,t,r,a,s
o,t,r,o,s
a,l,g,i,a
o,t,a,b,l,e
i,c,i,a,s
o,v,i,a
o,v,i,o
o,v,i,o,s
u,b,e
u,c,a
ú,c,l,e,o
ú,c,l,e,o,s
ú,m,e,r,o
ú,m,e,r,o,s
u,n,c,a
ú,ñ,e,z
i,s,p,o,s
o,b,r,a,s
e,r,v,a,n
o,b,v,i,o
é,a,n,o
o,c,h,o,a
a,v,i,o
o,c,t,u,b,r,e
u,p,a
u,p,a,n
u,r,r,a
u,r,r,e
u,r,r,e,n
o,f
o,f,f
o,h
í,d,o,s
í,r
o,j,o
o,j,o,s
o,l,g,a
í,m,p,i,c,a
í,m,p,i,c,o
í,m,p,i,c,o,s
o,m,s
o,n,d,a,s
o,n,g
o,n,u
ó,p,e,r,a
ó,p,t,i,c,a
ó,r,b,i,t,a
ó,r,d,e,n,e,s
o,r,g
ó,r,g,a,n,o
ó,r,g,a,n,o,s
u,l,l,o
í,g,e,n,e,s
ó,s,c,a,r
o,r,g,a
í,g,e,n,o
o,y,e
á,g,i,n,a
á,g,i,n,a,s
í,s
í,s,e,s
á,j,a,r,o
á,j,a,r,o,s
a,l,a,b,r,a
a,b,r,a,s
i,g,m,a
ó,j,i,c,a,m,e,n,t,e
í,s,o
á,m,e,t,r,o,s
e,z,c,a
á,r,p,a,d,o,s
a,r,q,u,e
a,r,q,u,e,s
á,r,r,a,f,o
i,p,a
i,p,a,n
í,c,u,l,a,s
a,s,a,n
a,s,e,n
a,t,a,s
a,t,i,o
a,t,r,i,a
e,l,i,g,r,o
i,g,r,o,s
í,n,s,u,l,a
u,m,b,r,a
e,p,e
e,ñ,a,s
é,r,d,i,d,a
é,r,d,i,d,a,s
é,r,e,z
ó,d,i,c,o
ó,d,i,c,o,s
í,o,d,o
í,o,d,o,s
i,t,e,n
e,t,u,a
ó,l,e,o
i,b
a,s,s,o
e,d,r,a,s
e,n,s,a,n
e,r,d,e
e,r,d,e,n
á,s,t,i,c,a
á,s,t,i,c,a,s
á,s,t,i,c,o,s
a,y,a,s
u,m,a,s
o,b,r,e,s
í,t,i,c,a,m,e,n,t,e
o,l,v,o
o,n,g,a
o,n,g,a,n
o,n,g,o
o,p
o,r,q,u,e
á,t,i,l
o,s,t
o,s,t,r,e
o,z,o
o,z,o,s
á,c,t,i,c,a
á,c,t,i,c,a,m,e,n,t,e
á,c,t,i,c,a,s
á,c,t,i,c,o
e,c,i,o,s
e,m,i,o,s
u,p,e,s
a,r,a,n
e,s,s
é,s,t,a,m,o
é,s,t,a,m,o,s
i,g,i,o
e,v,i,a
e,v,i,a,s
e,v,i,o
e,v,i,o,s
i,m,a,s
i,m,o
í,n,c,i,p,e
o,b,a,b,l,e
e,d,e
u,c,e,n
u,c,t,o
u,c,t,o,s
u,z,c,a
u,n,d,a
u,n,d,a,s
ó,l,o,g,o
o,p,i,o
o,p,i,o,s
e,g,e
í,n,a,s
o,l,o,s
i,n,c,i,a
i,n,c,i,a,s
o,c,a,n
ó,x,i,m,a
ó,x,i,m,a,s
ó,x,i,m,o
ó,x,i,m,o,s
e,b,a,s
i,q,u,i,a,t,r,a
ú,b,l,i,c,a
ú,b,l,i,c,a,m,e,n,t,e
ú,b,l,i,c,a,s
ú,b,l,i,c,o
ú,b,l,i,c,o,s
e,b,l,o,s
e,d,a,n
e,d,e,n
u,ñ,o
u,s,e
é,n,e,s
í,m,i,c,a
í,m,i,c,a,s
í,m,i,c,o
í,m,i,c,o,s
i,n,c,e
i,s,e
a,b,i,a
a,f,a
í,c,e,s
í,r,e,z
á,p,i,d,a
á,p,i,d,a,m,e,n,t,e
á,p,i,d,o
á,p,i,d,o,s
a,s,g,o
a,s,g,o,s
ú,l
o,n,a,b,l,e
e,l,d,e
e,l,d,e,s
o,t,e,s
e,n,d,a,b,l,e
é,c,o,r,d
e,r,d,a,n
é,n,d,u,m
u,g,i,o
é,g,i,m,e,n
i,s,t,r,a,n
e,g,l,a,s
o,j
o,j,e,s
e,r,v,a,s
o,n,s,a,b,l,e
u,l,t,a,n
u,l,t,e
ú,n,e
ú,n,e,n
e,l,a,n
a,r,d
í,e
e,s,g,o
e,s,g,o,s
i,t,m,o
i,t,m,o,s
o,t
o,c,k
í,g,u,e,z
á,n,t,i,c,a
o,m,p,e
o,s,t,r,o
o,s,t,r,o,s
u,b,i,a
u,b,i,o
u,m,b,o
u,s,i,a
u,t,h
á,b,a,d,o
á,b,a,d,o,s
á,b,a,n,a,s
a,b,e,n
a,b,e,s
a,l,e,n
a,l,g,a
u,d,a,b,l,e
a,l,v,a
á,n,c,h,e,z
a,n,g,r,e
o,t,t
e,l,v,a
e,s,t,r,e
e,n,s,i,b,l,e
e,p,a
e,p,a,n
é,p,t,i,m,a
é,p,t,i,m,o
e,r,g,i,o
e,r,i,e
e,r,i,e,s
e,x,o,s
e,x,t,a
a,r,e
o,w
e,m,p,r,e
e,n,t,e,n
i,g,l,a,s
i,g,l,o,s
i,g,n,o,s
e,n,c,i,o
i,l,v,a
i,l,v,i,a
i,l,v,i,o
í,m,b,o,l,o
í,m,b,o,l,o,s
i,m,p,l,e
i,m,p,l,e,s
á,n,e,a,m,e,n,t,e
í,n,d,r,o,m,e
í,n,t,e,s,i,s
í,n,t,o,m,a
í,n,t,o,m,a,s
i,r,i,a
i,r,v,a
i,r,v,e
i,r,v,e,n
i,t,i,o
i,t,i,o,s
i,t,h
e,m,n,e
ó,l,i,d,a
ó,l,i,d,o
ó,l,i,d,o,s
ó,l,o
o,m,b,r,a,s
o,m,o,s
o,n,y
e,n,i,b,l,e
ó,t,a,n,o
o,r,t
u,b,e,n
u,c,i,a
e,l,d,o
e,l,d,o,s
e,l,e,n
e,l,t,a
u,f,r,e,n
u,m,a,n
ú,p,e,r
i,c,i,e
i,c,i,e,s
u,r,g,e
u,r,g,e,n
a,r,d,e,s
i,f,a,s
a,x,i
e,a,t,r,o
a,t,r,o,s
é,c,n,i,c,a
é,c,n,i,c,a,s
é,c,n,i,c,o
é,c,n,i,c,o,s
a,l,p,a
é,f,o,n,o
é,f,o,n,o,s
e,m,e
e,n,g,a,n
e,n,g,a,s
e,n,g,o
e,n,i,s
a,p,i,a
a,p,i,a,s
é,r,m,i,n,o
é,r,m,i,n,o,s
e,s,t,r,e,s
e,r,r,i,b,l,e
e,r,r,i,b,l,e,s
e,s,i,s
e,s,t
e,x,a,s
i,b,i,a
e,m,p,o
e,m,p,o,s
i,g,r,e,s
i,m,b,r,e
i,m,e,s
í,p,i,c,a
í,p,i,c,o
í,p,i,c,o,s
i,r,o,s
o,k,i,o
o,m,a,n
o,n,t,a
o,p,e
o,r,r,e,s
á,m,i,t,e
á,m,i,t,e,s
a,m,p,a
á,n,s,i,t,o
o,r,n,o,s
a,t,a,n
e,g,u,a
i,b,u
u,n,f,o
u,n,f,o,s
o,n,c,o
u,m,b,a
ú,n,e,l
a,b
ú,l,t,i,m,a
ú,l,t,i,m,a,m,e,n,t,e
ú,l,t,i,m,a,s
ú,l,t,i,m,o
ú,l,t,i,m,o,s
u,ñ,a,s
u,n,e
u,n,e,n
ú,n,i,c,a
ú,n,i,c,a,m,e,n,t,e
ú,n,i,c,a,s
ú,n,i,c,o
ú,n,i,c,o,s
e,r,s,o
u,p
u,r,n,a,s
u,t,f
ú,t,i,l,e,s
a,r,i,a,b,l,e
á,s,q,u,e,z
á,z,q,u,e,z
é,a,s,e
i,n,t,e
i,c,u,a,t,r,o
é,l,e,z
e,n,u,s
e,r,b,o
e,r,d,e,s
e,r,l,o,s
e,r,s,i,o,n
é,r,t,i,g,o
e,r,s,a
í,c,t,i,m,a
í,c,t,i,m,a,s
í,c,t,o,r
í,d,e,o
í,d,e,o,s
i,d,r,i,o
e,r,n,e,s
i,h
i,n,a,g,r,e
í,n,c,u,l,o
í,n,c,u,l,o,s
i,r,g,e,n
i,n,i,a
i,r,u,s
í,s,p,e,r,a
i,v,e,n
ú,m,e,n,e,s
e,l,t,a,s
e,l,v,e,n
e,l,v,o
i,n,g,t,o,n
e,b
i,l,l,i,a,m,s
i,l,s,o,n
i,n,d,o,w,s
i,x
o,r,k
